latitude,adref,salary_min,created,__CLASS__,longitude,title,redirect_url,description,id,salary_max,salary_is_predicted,category.label,category.__CLASS__,category.tag,company.__CLASS__,company.display_name,location.display_name,location.area,location.__CLASS__
40.51998,eyJhbGciOiJIUzI1NiJ9.eyJpIjoiNTgyNzkzNjMyOCIsInMiOiJDcE82WUJtUThSRzVKclludElCcGFRIn0.tdqayygMjCG6hhsioP7FOVE0CPljLOGfQBEym9R7cls,70000.0,2026-08-04T11:28:29Z,Adzuna::API::Response::Job,-74.28156,Local CDL-A Driver,https://www.adzuna.com/land/ad/5827936328?se=CpO6YBmQ8RG5JrYntIBpaQ&utm_medium=api&utm_source=abfa41a4&v=DFF64957BBF6BA114C4EF6647F03CECC063B94B7,"System Freight is seeking a safety-focused Local CDL-A Driver to handle regional, time-sensitive freight across the Northeast and Mid-Atlantic. In this family-oriented, professional environment, you’ll run consistent local and regional routes, perform safe and efficient pickups and deliveries, complete accurate logs and inspections, and communicate clearly with dispatch and customers. Enjoy stable, year-round freight, competitive pay, and the backing of an established, dedicated fleet carrier t…",5827936328,90000.0,0,Logistics & Warehouse Jobs,Adzuna::API::Response::Category,logistics-warehouse-jobs,Adzuna::API::Response::Company,SYSTEM FREIGHT,"Hopelawn, Middlesex County","['US', 'New Jersey', 'Middlesex County', 'Hopelawn']",Adzuna::API::Response::Location
32.458207,eyJhbGciOiJIUzI1NiJ9.eyJpIjoiNTgyNzkzNTI2NyIsInMiOiJDcE82WUJtUThSRzVKclludElCcGFRIn0.jD28zS_2bvpOhAL0d-Ds5fAuVtIC0x_Wg19G2b3021I,52228.54,2026-08-04T11:28:19Z,Adzuna::API::Response::Job,-83.731572,Regional Driver,https://www.adzuna.com/details/5827935267?utm_medium=api&utm_source=abfa41a4,"Perdue Transportation Incorporated (PTI) is the transportation service and logistics provider for Perdue Foods. PTI’s team is comprised of support staff and private fleet drivers. All drivers and team members are safety-minded and deliver on our promise for customer service and reliability each day. Perdue Transportation Inc. is part of Perdue Farms, a fourth-generation, family-owned food and agricultural business deeply rooted in tradition yet with a forward-thinking mindset. We believe that s…",5827935267,52228.54,1,Logistics & Warehouse Jobs,Adzuna::API::Response::Category,logistics-warehouse-jobs,Adzuna::API::Response::Company,Perdue Farms,"Perry, Houston County","['US', 'Georgia', 'Houston County', 'Perry']",Adzuna::API::Response::Location
37.719574,eyJhbGciOiJIUzI1NiJ9.eyJzIjoiQ3BPNllCbVE4Ukc1SnJZbnRJQnBhUSIsImkiOiI1ODI3OTM1MjU0In0.VsiuMjofygx6GK9S7Dj90qtbJgbb34HRuA3hOqEB4D0,36976.71,2026-08-04T11:28:18Z,Adzuna::API::Response::Job,-75.665485,Mentor,https://www.adzuna.com/details/5827935254?utm_medium=api&utm_source=abfa41a4,"Join us as a Production Mentor and play a key role in developing the next generation of talent on our production floor! In this impactful role, you’ll guide new hires through their ramp-in journey, ensuring they receive the hands-on training, rotation, and support needed to thrive. You’ll champion safety, ergonomics, and company policies while helping associates build strong work habits from day one. Partnering closely with supervisors, you’ll contribute to meaningful goals in safety, retention…",5827935254,36976.71,1,Manufacturing Jobs,Adzuna::API::Response::Category,manufacturing-jobs,Adzuna::API::Response::Company,Perdue Farms,"Accomac, Accomack County","['US', 'Virginia', 'Accomack County', 'Accomac']",Adzuna::API::Response::Location
38.659215,eyJhbGciOiJIUzI1NiJ9.eyJpIjoiNTgyNzkzNTIyOCIsInMiOiJDcE82WUJtUThSRzVKclludElCcGFRIn0.sgwQf_Iwrr-UHLOyM2FoBf0m1WAO2H28KeZ-4lObnDU,44678.42,2026-08-04T11:28:18Z,Adzuna::API::Response::Job,-87.172789,Production Line Lead,https://www.adzuna.com/details/5827935228?utm_medium=api&utm_source=abfa41a4,"Perdue Foods has a goal of becoming the most trusted name in premium proteins by creating products for consumers and for retail and foodservice customers around the globe while changing the way animals are raised for food. It is part of Perdue Farms, a fourth-generation, family-owned food and agricultural business deeply rooted in tradition yet with a forward-thinking mindset. We believe that success starts with our people, and our culture is built on a foundation of teamwork, integrity, and re…",5827935228,44678.42,1,Manufacturing Jobs,Adzuna::API::Response::Category,manufacturing-jobs,Adzuna::API::Response::Company,Perdue Farms,"Washington, Daviess County","['US', 'Indiana', 'Daviess County', 'Washington']",Adzuna::API::Response::Location
38.912613,eyJhbGciOiJIUzI1NiJ9.eyJpIjoiNTgyNzkzNTIyNiIsInMiOiJDcE82WUJtUThSRzVKclludElCcGFRIn0.yNpbkmHhOYm5YSgjLWhvocHRnEr4muXAtyQROBVyp2o,52257.13,2026-08-04T11:28:18Z,Adzuna::API::Response::Job,-75.427975,Production Supervisor - 2nd Shift,https://www.adzuna.com/details/5827935226?utm_medium=api&utm_source=abfa41a4,"Perdue Foods has a goal of becoming the most trusted name in premium proteins by creating products for consumers and for retail and foodservice customers around the globe while changing the way animals are raised for food. It is part of Perdue Farms, a fourth-generation, family-owned food and agricultural business deeply rooted in tradition yet with a forward-thinking mindset. We believe that success starts with our people, and our culture is built on a foundation of teamwork, integrity, and re…",5827935226,52257.13,1,Manufacturing Jobs,Adzuna::API::Response::Category,manufacturing-jobs,Adzuna::API::Response::Company,Perdue Farms,"Milford, Sussex County","['US', 'Delaware', 'Sussex County', 'Milford']",Adzuna::API::Response::Location
38.211743,eyJhbGciOiJIUzI1NiJ9.eyJzIjoiQ3BPNllCbVE4Ukc1SnJZbnRJQnBhUSIsImkiOiI1ODI3OTM1MjE0In0.uFiaz0hnGZPTjEPiYOLGGUPVn4mCoJSstKMcCnNrmik,45758.36,2026-08-04T11:28:18Z,Adzuna::API::Response::Job,-122.789652,Maintenance Mechanic III,https://www.adzuna.com/details/5827935214?utm_medium=api&utm_source=abfa41a4,"Perdue Foods has a goal of becoming the most trusted name in premium proteins by creating products for consumers and for retail and foodservice customers around the globe while changing the way animals are raised for food. It is part of Perdue Farms, a fourth-generation, family-owned food and agricultural business deeply rooted in tradition yet with a forward-thinking mindset. We believe that success starts with our people, and our culture is built on a foundation of teamwork, integrity, and re…",5827935214,45758.36,1,Engineering Jobs,Adzuna::API::Response::Category,engineering-jobs,Adzuna::API::Response::Company,Perdue Farms,"Petaluma, Sonoma County","['US', 'California', 'Sonoma County', 'Petaluma']",Adzuna::API::Response::Location
38.375981,eyJhbGciOiJIUzI1NiJ9.eyJzIjoiQ3BPNllCbVE4Ukc1SnJZbnRJQnBhUSIsImkiOiI1ODI3OTM1MjAyIn0.xDzf5ASnAfU-JTSCl3YuVmlqcHwSmxBCd8RHbhAUJIw,38143.86,2026-08-04T11:28:18Z,Adzuna::API::Response::Job,-75.64106,Hatchery Technician - Night Shift,https://www.adzuna.com/details/5827935202?utm_medium=api&utm_source=abfa41a4,"Perdue Foods has a goal of becoming the most trusted name in premium proteins by creating products for consumers and for retail and foodservice customers around the globe while changing the way animals are raised for food. It is part of Perdue Farms, a fourth-generation, family-owned food and agricultural business deeply rooted in tradition yet with a forward-thinking mindset. We believe that success starts with our people, and our culture is built on a foundation of teamwork, integrity, and re…",5827935202,38143.86,1,Engineering Jobs,Adzuna::API::Response::Category,engineering-jobs,Adzuna::API::Response::Company,Perdue Farms,"Salisbury, Wicomico County","['US', 'Maryland', 'Wicomico County', 'Salisbury']",Adzuna::API::Response::Location
43.079799,eyJhbGciOiJIUzI1NiJ9.eyJzIjoiQ3BPNllCbVE4Ukc1SnJZbnRJQnBhUSIsImkiOiI1ODI3OTM1MjMwIn0.jZKJBSLz97mqQfee-O-JUtafh6BOnMcQzHRWCP1TUVk,47202.01,2026-08-04T11:28:18Z,Adzuna::API::Response::Job,-96.175694,Maintenance Mechanic A- 3rd shift,https://www.adzuna.com/details/5827935230?utm_medium=api&utm_source=abfa41a4,"Perdue’s Emerging Brands & Specialty Meats division leverages our core strengths in poultry while specializing in premium pork, beef, lamb, and pet nutrition segments while emphasizing health, sustainability, and convenience. Perdue's Emerging Brands & Specialty Meats is part of Perdue Farms , a fourth-generation, family-owned food and agricultural business deeply rooted in tradition yet with a forward-thinking mindset. We believe that success starts with our people, and our culture is built on…",5827935230,47202.01,1,Engineering Jobs,Adzuna::API::Response::Category,engineering-jobs,Adzuna::API::Response::Company,Perdue Farms,"Sioux Center, Sioux County","['US', 'Iowa', 'Sioux County', 'Sioux Center']",Adzuna::API::Response::Location
37.996716,eyJhbGciOiJIUzI1NiJ9.eyJpIjoiNTgyNzkzNTEyNyIsInMiOiJDcE82WUJtUThSRzVKclludElCcGFRIn0.I7evqjISYxu4KGgVc_KIJB1_iIPB0JKWB7_tRclAxBo,52353.61,2026-08-04T11:28:17Z,Adzuna::API::Response::Job,-88.920069,GEN PROD FARM TECH,https://www.adzuna.com/details/5827935127?utm_medium=api&utm_source=abfa41a4,"Perdue Foods has a goal of becoming the most trusted name in premium proteins by creating products for consumers and for retail and foodservice customers around the globe while changing the way animals are raised for food. It is part of Perdue Farms, a fourth-generation, family-owned food and agricultural business deeply rooted in tradition yet with a forward-thinking mindset. We believe that success starts with our people, and our culture is built on a foundation of teamwork, integrity, and re…",5827935127,52353.61,1,Engineering Jobs,Adzuna::API::Response::Category,engineering-jobs,Adzuna::API::Response::Company,Perdue Farms,"Benton, Franklin County","['US', 'Illinois', 'Franklin County', 'Benton']",Adzuna::API::Response::Location
,eyJhbGciOiJIUzI1NiJ9.eyJzIjoiQ3BPNllCbVE4Ukc1SnJZbnRJQnBhUSIsImkiOiI1ODI3OTM0OTQ0In0.nwux8oRmjIlrZH8VAzO4EOuyH_PYa0wEwYAGpm0xWsg,53986.75,2026-08-04T11:28:16Z,Adzuna::API::Response::Job,,Scheduling Supervisor,https://www.adzuna.com/details/5827934944?utm_medium=api&utm_source=abfa41a4,"Perdue Foods has a goal of becoming the most trusted name in premium proteins by creating products for consumers and for retail and foodservice customers around the globe while changing the way animals are raised for food. It is part of Perdue Farms, a fourth-generation, family-owned food and agricultural business deeply rooted in tradition yet with a forward-thinking mindset. We believe that success starts with our people, and our culture is built on a foundation of teamwork, integrity, and re…",5827934944,53986.75,1,Manufacturing Jobs,Adzuna::API::Response::Category,manufacturing-jobs,Adzuna::API::Response::Company,Perdue Farms,US,['US'],Adzuna::API::Response::Location
35.974598,eyJhbGciOiJIUzI1NiJ9.eyJzIjoiQ3BPNllCbVE4Ukc1SnJZbnRJQnBhUSIsImkiOiI1ODI3OTM1MDEzIn0.6pUlC3I9UqxRWKYqpKRfSeZ3ZwjLcS1uE47IcKhu1e4,59572.73,2026-08-04T11:28:16Z,Adzuna::API::Response::Job,-77.965541,Feed Delivery Driver,https://www.adzuna.com/details/5827935013?utm_medium=api&utm_source=abfa41a4,"Perdue Transportation Incorporated (PTI) is the transportation service and logistics provider for Perdue Foods. PTI’s team is comprised of support staff and private fleet drivers. All drivers and team members are safety-minded and deliver on our promise for customer service and reliability each day. Perdue Transportation Inc. is part of Perdue Farms, a fourth-generation, family-owned food and agricultural business deeply rooted in tradition yet with a forward-thinking mindset. We believe that s…",5827935013,59572.73,1,Engineering Jobs,Adzuna::API::Response::Category,engineering-jobs,Adzuna::API::Response::Company,Perdue Farms,"Nashville, Nash County","['US', 'North Carolina', 'Nash County', 'Nashville']",Adzuna::API::Response::Location
,eyJhbGciOiJIUzI1NiJ9.eyJzIjoiQ3BPNllCbVE4Ukc1SnJZbnRJQnBhUSIsImkiOiI1ODI3OTM0OTIwIn0.qvJ8atkBub_i5sZNDFCBlaJvVeWOMoo9-TDNhdVIi88,78942.88,2026-08-04T11:28:16Z,Adzuna::API::Response::Job,,.NET C# Developer,https://www.adzuna.com/details/5827934920?utm_medium=api&utm_source=abfa41a4,"Be part of a team that unleashes the power of leading-edge technologies to help improve the health and well-being of those most vulnerable in our country and communities. Working at Gainwell carries its rewards. You’ll have an incredible opportunity to grow your career in a company that values work flexibility, learning, and career development. You’ll add to your technical credentials and certifications while enjoying a generous, flexible vacation policy and educational assistance. We also have…",5827934920,78942.88,1,IT Jobs,Adzuna::API::Response::Category,it-jobs,Adzuna::API::Response::Company,Gainwell Technologies LLC,US,['US'],Adzuna::API::Response::Location
42.084194,eyJhbGciOiJIUzI1NiJ9.eyJpIjoiNTgyNzkzNDc4NCIsInMiOiJDcE82WUJtUThSRzVKclludElCcGFRIn0.Jv9KbOpKwfWEyBnAtlJA0wwhKpTL_fAYjvxHzLhNCkw,59414.77,2026-08-04T11:28:15Z,Adzuna::API::Response::Job,-88.013128,OFFICE ASSOCIATE,https://www.adzuna.com/details/5827934784?utm_medium=api&utm_source=abfa41a4,"Job Requisition ID: 57843 Opening Date: 08/04/2026 Closing Date: 08/17/2026 ​Agency: Department of Human Services Class Title: OFFICE ASSOCIATE - 30015 Skill Option: Keyboarding Bilingual Option: None Salary: Anticipated Salary: $4,144-$5,429/month ($49,728-$65,148/year) Job Type: Salaried Category: Full Time County: Cook Number of Vacancies: 2 Bargaining Unit Code: RC014 Clerical Employees, AFSCME Merit Comp Code: ​ This position is a union position; therefore, provisions of the relevant colle…",5827934784,59414.77,1,Admin Jobs,Adzuna::API::Response::Category,admin-jobs,Adzuna::API::Response::Company,State of Illinois,"Rolling Meadows, Cook County","['US', 'Illinois', 'Cook County', 'Rolling Meadows']",Adzuna::API::Response::Location
38.912613,eyJhbGciOiJIUzI1NiJ9.eyJpIjoiNTgyNzkzNDg3OSIsInMiOiJDcE82WUJtUThSRzVKclludElCcGFRIn0.RDQ3xEhlpAoAMM9F11JLTi5LLYlx_OJrWaP6L3RCMYc,38641.07,2026-08-04T11:28:15Z,Adzuna::API::Response::Job,-75.427975,Machine Operator - 1nd Shift,https://www.adzuna.com/details/5827934879?utm_medium=api&utm_source=abfa41a4,"Perdue Foods has a goal of becoming the most trusted name in premium proteins by creating products for consumers and for retail and foodservice customers around the globe while changing the way animals are raised for food. It is part of Perdue Farms, a fourth-generation, family-owned food and agricultural business deeply rooted in tradition yet with a forward-thinking mindset. We believe that success starts with our people, and our culture is built on a foundation of teamwork, integrity, and re…",5827934879,38641.07,1,Engineering Jobs,Adzuna::API::Response::Category,engineering-jobs,Adzuna::API::Response::Company,Perdue Farms,"Milford, Sussex County","['US', 'Delaware', 'Sussex County', 'Milford']",Adzuna::API::Response::Location
35.232678,eyJhbGciOiJIUzI1NiJ9.eyJzIjoiQ3BPNllCbVE4Ukc1SnJZbnRJQnBhUSIsImkiOiI1ODI3OTM0ODA2In0._TZsgDz4ulJ7PxWdTZ9GL85sxMWsEmyj4y07kJbSbmo,173228.44,2026-08-04T11:28:15Z,Adzuna::API::Response::Job,-80.846082,Director of Engineering - Strategic Capital Delivery,https://www.adzuna.com/details/5827934806?utm_medium=api&utm_source=abfa41a4,"Perdue Foods has a goal of becoming the most trusted name in premium proteins by creating products for consumers and for retail and foodservice customers around the globe while changing the way animals are raised for food. It is part of Perdue Farms, a fourth-generation, family-owned food and agricultural business deeply rooted in tradition yet with a forward-thinking mindset. We believe that success starts with our people, and our culture is built on a foundation of teamwork, integrity, and re…",5827934806,173228.44,1,Engineering Jobs,Adzuna::API::Response::Category,engineering-jobs,Adzuna::API::Response::Company,Perdue Farms,"Charlotte, Mecklenburg County","['US', 'North Carolina', 'Mecklenburg County', 'Charlotte']",Adzuna::API::Response::Location
37.719574,eyJhbGciOiJIUzI1NiJ9.eyJpIjoiNTgyNzkzNDc5NSIsInMiOiJDcE82WUJtUThSRzVKclludElCcGFRIn0.-IxUvs7tEsWrADMSwrxmFA4ctHaIJQ_CniUjZDfE0rI,39940.81,2026-08-04T11:28:15Z,Adzuna::API::Response::Job,-75.665485,Staff Licensed Practical Nurse - 1st shift,https://www.adzuna.com/details/5827934795?utm_medium=api&utm_source=abfa41a4,"Perdue Farms is a fourth-generation, family-owned food and agricultural business deeply rooted in tradition yet with a forward-thinking mindset. We believe that success starts with our people, and our culture is built on a foundation of teamwork, integrity, and respect, where every voice matters and everyone is encouraged to contribute to our shared goals. We are dedicated to creating a supportive, inclusive environment where associates feel valued and inspired to make an impact, both within th…",5827934795,39940.81,1,Healthcare & Nursing Jobs,Adzuna::API::Response::Category,healthcare-nursing-jobs,Adzuna::API::Response::Company,Perdue Farms,"Accomac, Accomack County","['US', 'Virginia', 'Accomack County', 'Accomac']",Adzuna::API::Response::Location
40.308367,eyJhbGciOiJIUzI1NiJ9.eyJzIjoiQ3BPNllCbVE4Ukc1SnJZbnRJQnBhUSIsImkiOiI1ODI3OTM0ODMxIn0.Om5uYqubnrPQMCMDbmADpRw54pLMSRFNAUpdc9kODgY,40381.57,2026-08-04T11:28:15Z,Adzuna::API::Response::Job,-88.155879,LCA INSTRUCTOR II,https://www.adzuna.com/details/5827934831?utm_medium=api&utm_source=abfa41a4,"DEPARTMENT OF MILITARY AFFAIRS LINCOLN'S CHALLENGE ACADEMY PERSONAL SERVICE CONTRACT POSTING All applicants who want to be considered for this position MUST apply electronically through SuccessFactors. Applications submitted via email or any paper manner (mail, fax, hand delivery) will not be considered. A RESUME IS REQUIRED FOR THIS JOB POSTING Please attach a DETAILED Resume/Curriculum Vitae (CV), a copy of your transcripts or diploma for all degrees earned, and a copy of any applicable profe…",5827934831,40381.57,1,Healthcare & Nursing Jobs,Adzuna::API::Response::Category,healthcare-nursing-jobs,Adzuna::API::Response::Company,State of Illinois,"Rantoul, Champaign County","['US', 'Illinois', 'Champaign County', 'Rantoul']",Adzuna::API::Response::Location
30.430969,eyJhbGciOiJIUzI1NiJ9.eyJzIjoiQ3BPNllCbVE4Ukc1SnJZbnRJQnBhUSIsImkiOiI1ODI3OTM0NjEyIn0.726fRqALL63eVQeAcPplJoSjc0kTtDuokhIYp928308,28897.05,2026-08-04T11:28:14Z,Adzuna::API::Response::Job,-84.264752,"Mailroom Courier / Print Operator - Tallahassee, FL (Onsite)",https://www.adzuna.com/details/5827934612?utm_medium=api&utm_source=abfa41a4,"Great companies need great teams to propel their operations. Join the group that solves business challenges and enhances the way we work and grow. Working at Gainwell carries its rewards. You’ll have an incredible opportunity to grow your career in a company that values your contributions and puts a premium on work flexibility, learning, and career development. Summary As a Mailroom Courier / Print Operator at Gainwell, you can contribute your skills as we harness the power of technology to hel…",5827934612,28897.05,1,Logistics & Warehouse Jobs,Adzuna::API::Response::Category,logistics-warehouse-jobs,Adzuna::API::Response::Company,Gainwell Technologies LLC,"Tallahassee, Leon County","['US', 'Florida', 'Leon County', 'Tallahassee']",Adzuna::API::Response::Location
39.799492,eyJhbGciOiJIUzI1NiJ9.eyJpIjoiNTgyNzkzNDYzNSIsInMiOiJDcE82WUJtUThSRzVKclludElCcGFRIn0._mMoVRYKNrWQVi3nmqT88tEaywRooGUMAcoaq1x-LVI,101962.27,2026-08-04T11:28:14Z,Adzuna::API::Response::Job,-89.649874,System Command Center Technician (Data Processing Technician)(UMP),https://www.adzuna.com/details/5827934635?utm_medium=api&utm_source=abfa41a4,"Job Requisition ID: 57846 Opening Date: 08/03/2026 Closing Date: 08/17/2026 Agency: Department of Innovation and Technology Class Title: DATA PROCESSING TECH - 11440 Skill Option: None Bilingual Option: None Salary: Anticipated starting salary: $4,272 monthly; Full range: $4,272-$5,641 monthly Job Type: Salaried Category: Full Time County: Sangamon Number of Vacancies: 1 Bargaining Unit Code: RC028 Paraprofessional Human Services Employees, AFSCME Merit Comp Code: None This position is a union …",5827934635,101962.27,1,IT Jobs,Adzuna::API::Response::Category,it-jobs,Adzuna::API::Response::Company,State of Illinois,"Springfield, Sangamon County","['US', 'Illinois', 'Sangamon County', 'Springfield']",Adzuna::API::Response::Location
38.970048,eyJhbGciOiJIUzI1NiJ9.eyJzIjoiQ3BPNllCbVE4Ukc1SnJZbnRJQnBhUSIsImkiOiI1ODI3OTM0Njc0In0.54mEIffI90vGDy4ThA5rCmYWsvmNquxnw4JugTIQ5Iw,52479.82,2026-08-04T11:28:14Z,Adzuna::API::Response::Job,-90.431505,DECK HAND - JERSEY COUNTY - BRUSSELS FERRY,https://www.adzuna.com/details/5827934674?utm_medium=api&utm_source=abfa41a4,"Job Requisition ID: 56746 IPR26-01411 Opening Date: 08/03/2026 Closing Date: 08/17/2026 Agency: Department of Transportation Position Title: Deck Hand - Jersey County - Brussels Ferry Salary: Anticipated Starting Salary (Effective 7/1/26) $6,558 Monthly; Full Range: $6,558 - $8,195 Monthly Job Type: Salaried Category: Full Time County: Jersey Number of Vacancies: 4 Bargaining Unit Code: RC019 Downstate (All counties other than Cook, DuPage, Kane, Kankakee, Kendall, Lake, McHenry, & Will countie…",5827934674,52479.82,1,Healthcare & Nursing Jobs,Adzuna::API::Response::Category,healthcare-nursing-jobs,Adzuna::API::Response::Company,State of Illinois,"Grafton, Jasper County","['US', 'Illinois', 'Jasper County', 'Grafton']",Adzuna::API::Response::Location
47.87222,eyJhbGciOiJIUzI1NiJ9.eyJzIjoiQ3BPNllCbVE4Ukc1SnJZbnRJQnBhUSIsImkiOiI1ODI3OTM0NzU0In0.048hX3B9eY-YgDPfO2ZlJOue8XyrMKJJWzjutEBC8Ds,57701.66,2026-08-04T11:28:14Z,Adzuna::API::Response::Job,-97.12256,Refrigeration Operator (Crew B) Grand Forks,https://www.adzuna.com/details/5827934754?utm_medium=api&utm_source=abfa41a4,"The Simplot Company is a diverse, privately held global food and agriculture company headquartered in Boise, Idaho. We are a true farm-to-table company with an integrated portfolio including food processing and food brands, phosphate mining, fertilizer manufacturing, farming, ranching and cattle production, and other enterprises related to agriculture. Summary This position is to maintain and operate equipment including air compressors systems, HVAC systems, fire protection systems, low oxygen …",5827934754,57701.66,1,Engineering Jobs,Adzuna::API::Response::Category,engineering-jobs,Adzuna::API::Response::Company,Simplot,"Grand Forks, Grand Forks County","['US', 'North Dakota', 'Grand Forks County', 'Grand Forks']",Adzuna::API::Response::Location
38.375981,eyJhbGciOiJIUzI1NiJ9.eyJpIjoiNTgyNzkzNDc2NSIsInMiOiJDcE82WUJtUThSRzVKclludElCcGFRIn0.x5Hn_WfriBjXYoah2zAth6XaR8j5wC873RlzMCyZCf0,37963.38,2026-08-04T11:28:14Z,Adzuna::API::Response::Job,-75.64106,Soybean Crush Operator,https://www.adzuna.com/details/5827934765?utm_medium=api&utm_source=abfa41a4,"Perdue AgriBusiness is an international agricultural products and services company that handles agricultural commodities and a diverse portfolio of products and businesses. It is part of Perdue Farms, a fourth-generation, family-owned food and agricultural business deeply rooted in tradition yet with a forward-thinking mindset. We believe that success starts with our people, and our culture is built on a foundation of teamwork, integrity, and respect, where every voice matters and everyone is e…",5827934765,37963.38,1,Manufacturing Jobs,Adzuna::API::Response::Category,manufacturing-jobs,Adzuna::API::Response::Company,Perdue Farms,"Salisbury, Wicomico County","['US', 'Maryland', 'Wicomico County', 'Salisbury']",Adzuna::API::Response::Location
43.828505,eyJhbGciOiJIUzI1NiJ9.eyJpIjoiNTgyNzkzNDcxMSIsInMiOiJDcE82WUJtUThSRzVKclludElCcGFRIn0.HwNzZjXgNFHZ_COENgTtfJy9GwfjnLSWYTyX_KOPBds,103211.31,2026-08-04T11:28:14Z,Adzuna::API::Response::Job,-115.834554,SAP Functional Analyst III FICO,https://www.adzuna.com/details/5827934711?utm_medium=api&utm_source=abfa41a4,"Simplot is a family-owned, privately held global food and agriculture company headquartered in Boise, Idaho. Its integrated portfolio of companies includes food processing and food brands, phosphate mining, fertilizer manufacturing, farming, ranching and cattle production, and other enterprises related to agriculture. Simplot has major operations in nine countries with products and services available to customers worldwide. Summary The SAP Functional Analyst - FICO / Record-to-Report will suppo…",5827934711,103211.31,1,Accounting & Finance Jobs,Adzuna::API::Response::Category,accounting-finance-jobs,Adzuna::API::Response::Company,Simplot,"Idaho City, Boise County","['US', 'Idaho', 'Boise County', 'Idaho City']",Adzuna::API::Response::Location
39.799492,eyJhbGciOiJIUzI1NiJ9.eyJzIjoiQ3BPNllCbVE4Ukc1SnJZbnRJQnBhUSIsImkiOiI1ODI3OTM0NjYyIn0.8C_N7lBSLqyXNuq4x32-4M0PkW-ArZNIdfRViiXrVAc,75265.48,2026-08-04T11:28:14Z,Adzuna::API::Response::Job,-89.649874,Enforcement Unit Supervisor,https://www.adzuna.com/details/5827934662?utm_medium=api&utm_source=abfa41a4,"Job Requisition ID: 57092 Opening Date: 08/04/2026 Closing Date: 08/18/2026 Agency: Department of Natural Resources Class Title: EXECUTIVE II - 13852 Skill Option: None Bilingual Option: None Salary: Anticipated Starting Salary: $6,820 monthly; Full Range: $6,820 - $9,875 monthly Job Type: Salaried Category: Full Time County: Sangamon Number of Vacancies: 1 Bargaining Unit Code: RC062 Technical Employees, AFSCME Merit Comp Code: N/A This position is a union position; therefore, provisions of th…",5827934662,75265.48,1,Admin Jobs,Adzuna::API::Response::Category,admin-jobs,Adzuna::API::Response::Company,State of Illinois,"Springfield, Sangamon County","['US', 'Illinois', 'Sangamon County', 'Springfield']",Adzuna::API::Response::Location
43.828505,eyJhbGciOiJIUzI1NiJ9.eyJpIjoiNTgyNzkzNDcyMSIsInMiOiJDcE82WUJtUThSRzVKclludElCcGFRIn0.NE-mslsUoDD2y6l7UOUZf6BoTLMSaruALZO37AkVOfY,124593.65,2026-08-04T11:28:14Z,Adzuna::API::Response::Job,-115.834554,Sr. SAP Functional Analyst FICO,https://www.adzuna.com/details/5827934721?utm_medium=api&utm_source=abfa41a4,"Simplot is a family-owned, privately held global food and agriculture company headquartered in Boise, Idaho. Its integrated portfolio of companies includes food processing and food brands, phosphate mining, fertilizer manufacturing, farming, ranching and cattle production, and other enterprises related to agriculture. Simplot has major operations in nine countries with products and services available to customers worldwide. Summary The Senior SAP Functional Analyst - FICO / Record-to-Report wil…",5827934721,124593.65,1,Accounting & Finance Jobs,Adzuna::API::Response::Category,accounting-finance-jobs,Adzuna::API::Response::Company,Simplot,"Idaho City, Boise County","['US', 'Idaho', 'Boise County', 'Idaho City']",Adzuna::API::Response::Location
41.245593,eyJhbGciOiJIUzI1NiJ9.eyJpIjoiNTgyNzkzNDc1OSIsInMiOiJDcE82WUJtUThSRzVKclludElCcGFRIn0.wkVZSHnEGAvAVXpcltPwLpgoXlaa1Zdvh-lAuEr3Qi8,59520.37,2026-08-04T11:28:14Z,Adzuna::API::Response::Job,-89.92483,PUBLIC AID ELIGIBILITY ASSISTANT,https://www.adzuna.com/details/5827934759?utm_medium=api&utm_source=abfa41a4,"Job Requisition ID: 57739 Opening Date: 08/04/2026 Closing Date: 08/17/2026 ​Agency: Department of Human Services Class Title: PUBLIC AID ELIGIBILITY ASST - 35825 Skill Option: None Bilingual Option: None Salary: Anticipated Salary: $4,144-$5,429/month ($49,728-$65,148/year) Job Type: Salaried Category: Full Time County: Henry Number of Vacancies: 2 Bargaining Unit Code: RC028 Paraprofessional Human Services Employees, AFSCME Merit Comp Code: ​ This position is a union position; therefore, prov…",5827934759,59520.37,1,Admin Jobs,Adzuna::API::Response::Category,admin-jobs,Adzuna::API::Response::Company,State of Illinois,"Kewanee, Henry County","['US', 'Illinois', 'Henry County', 'Kewanee']",Adzuna::API::Response::Location
47.87222,eyJhbGciOiJIUzI1NiJ9.eyJpIjoiNTgyNzkzNDc0NCIsInMiOiJDcE82WUJtUThSRzVKclludElCcGFRIn0.F6AcBngDbjVJ_r-PA9fmx1LLtARM6ftdXtMNTwwS9NM,53026.53,2026-08-04T11:28:14Z,Adzuna::API::Response::Job,-97.12256,Boiler Operator (Crew C) Grand Forks,https://www.adzuna.com/details/5827934744?utm_medium=api&utm_source=abfa41a4,"The Simplot Company is a diverse, privately held global food and agriculture company headquartered in Boise, Idaho. We are a true farm-to-table company with an integrated portfolio including food processing and food brands, phosphate mining, fertilizer manufacturing, farming, ranching and cattle production, and other enterprises related to agriculture. Summary The boiler mechanic is a member of the maintenance team, which includes wet end mechanics, packaging mechanics, electricians, process co…",5827934744,53026.53,1,Engineering Jobs,Adzuna::API::Response::Category,engineering-jobs,Adzuna::API::Response::Company,Simplot,"Grand Forks, Grand Forks County","['US', 'North Dakota', 'Grand Forks County', 'Grand Forks']",Adzuna::API::Response::Location
44.026553,eyJhbGciOiJIUzI1NiJ9.eyJpIjoiNTgyNzkzNDY3OSIsInMiOiJDcE82WUJtUThSRzVKclludElCcGFRIn0.nEy9Bt4ITH5rInejBFy_uApc4MY69Huv6vtzds5uwx4,39039.88,2026-08-04T11:28:14Z,Adzuna::API::Response::Job,-116.962938,"Raw Receiving Operator (Crew A) Ontario, OR",https://www.adzuna.com/details/5827934679?utm_medium=api&utm_source=abfa41a4,"The J.R. Simplot Company is a diverse, privately held global food and agriculture company headquartered in Boise, Idaho. We are a true farm-to-table company with an integrated portfolio including food processing and food brands, phosphate mining, fertilizer manufacturing, farming, ranching and cattle production, and other enterprises related to agriculture. Summary This position is responsible for the unloading of trucks as they come into the Plant with raw product. Key Responsibilities Respons…",5827934679,39039.88,1,Manufacturing Jobs,Adzuna::API::Response::Category,manufacturing-jobs,Adzuna::API::Response::Company,Simplot,"Ontario, Malheur County","['US', 'Oregon', 'Malheur County', 'Ontario']",Adzuna::API::Response::Location
33.854548,eyJhbGciOiJIUzI1NiJ9.eyJzIjoiQ3BPNllCbVE4Ukc1SnJZbnRJQnBhUSIsImkiOiI1ODI3OTM0NzIzIn0.EkA-wkcrVHOT8TiVqC5cnXVF9Vjx0YQ-edV620w40nE,44292.23,2026-08-04T11:28:14Z,Adzuna::API::Response::Job,-84.217142,"Call Center Representative - Tucker, GA - Hybrid",https://www.adzuna.com/details/5827934723?utm_medium=api&utm_source=abfa41a4,"Great companies need great teams to propel their operations. Join the group that solves business challenges and enhances the way we work and grow. Working at Gainwell carries its rewards. You’ll have an incredible opportunity to grow your career in a company that values your contributions and puts a premium on work flexibility, learning, and career development. Summary As a Call Center Representative - Tucker, GA - Hybrid at Gainwell, you can contribute your skills as we harness the power of te…",5827934723,44292.23,1,Customer Services Jobs,Adzuna::API::Response::Category,customer-services-jobs,Adzuna::API::Response::Company,Gainwell Technologies LLC,"Tucker, DeKalb County","['US', 'Georgia', 'DeKalb County', 'Tucker']",Adzuna::API::Response::Location
38.351711,eyJhbGciOiJIUzI1NiJ9.eyJzIjoiQ3BPNllCbVE4Ukc1SnJZbnRJQnBhUSIsImkiOiI1ODI3OTM0NjEzIn0.ysJT_v8coUSVrTwEx-__iOf0c4w_2er85zAd7raQSRo,56112.61,2026-08-04T11:28:14Z,Adzuna::API::Response::Job,-81.633647,Provider Enrollment Business Analyst - Remote WV,https://www.adzuna.com/details/5827934613?utm_medium=api&utm_source=abfa41a4,"Great companies need great teams to propel their operations. Join the group that solves business challenges and enhances the way we work and grow. Working at Gainwell carries its rewards. You’ll have an incredible opportunity to grow your career in a company that values your contributions and puts a premium on work flexibility, learning, and career development. Summary As a Provider Enrollment Business Analyst - Remote WV , you can contribute your skills as we harness the power of technology to…",5827934613,56112.61,1,IT Jobs,Adzuna::API::Response::Category,it-jobs,Adzuna::API::Response::Company,Gainwell Technologies LLC,"Charleston, Kanawha County","['US', 'West Virginia', 'Kanawha County', 'Charleston']",Adzuna::API::Response::Location
40.947816,eyJhbGciOiJIUzI1NiJ9.eyJzIjoiQ3BPNllCbVE4Ukc1SnJZbnRJQnBhUSIsImkiOiI1ODI3OTM0NjM0In0.vx0-M8PxYeJO82J3ZSXgYmgkqlgyEm5wjGQLbaPdAgQ,50325.26,2026-08-04T11:28:14Z,Adzuna::API::Response::Job,-90.37124,TEAM CLERICAL - GALESBURG,https://www.adzuna.com/details/5827934634?utm_medium=api&utm_source=abfa41a4,"Job Requisition ID: 57822 Opening Date: 08/03/2026 Closing Date: 08/17/2026 Agency: Department of Children and Family Services Class Title: OFFICE ASSOCIATE - 30015 Working Title: TEAM CLERICAL - GALESBURG Skill Option: Keyboarding Bilingual Option: None Salary: Anticipated Starting Salary $4,144/mo; Full Range $4,144/mo - $5,429/mo Job Type: Salaried Category: Full Time County: Knox Number of Vacancies: 1 Bargaining Unit Code: RC014 Clerical Employees, AFSCME This position is a union position;…",5827934634,50325.26,1,Admin Jobs,Adzuna::API::Response::Category,admin-jobs,Adzuna::API::Response::Company,State of Illinois,"Galesburg, Knox County","['US', 'Illinois', 'Knox County', 'Galesburg']",Adzuna::API::Response::Location
39.799492,eyJhbGciOiJIUzI1NiJ9.eyJzIjoiQ3BPNllCbVE4Ukc1SnJZbnRJQnBhUSIsImkiOiI1ODI3OTM0NjU5In0.h_OBlDm1D07cFhY_hUGXJmnhp139kgxDUO7jz5bW5yE,79239.45,2026-08-04T11:28:14Z,Adzuna::API::Response::Job,-89.649874,HFS Chief Accountability Officer (SPSA Opt 2),https://www.adzuna.com/details/5827934659?utm_medium=api&utm_source=abfa41a4,"Job Requisition ID: 57844 BPIS: 07721 Opening Date: 08/03/2026 Closing Date: 08/17/2026 Agency: Department of Healthcare and Family Services Class Title: SENIOR PUBLIC SERVICE ADMIN (40070) Skill Option: Fiscal Management/Accounting/Budget/ Internal Audit/Insurance/Financial Bilingual Option: None Salary: Anticipated starting salary $10,775/mo ; Full salary range $10,775 - $12,775/mo Job Type: Salaried Category: Full Time County: Sangamon Number of Vacancies: 1 Bargaining Unit Code: None Merit …",5827934659,79239.45,1,Accounting & Finance Jobs,Adzuna::API::Response::Category,accounting-finance-jobs,Adzuna::API::Response::Company,State of Illinois,"Springfield, Sangamon County","['US', 'Illinois', 'Sangamon County', 'Springfield']",Adzuna::API::Response::Location
39.799492,eyJhbGciOiJIUzI1NiJ9.eyJpIjoiNTgyNzkzNDc1MyIsInMiOiJDcE82WUJtUThSRzVKclludElCcGFRIn0.8VdT781Cr8HyHXpfoNpWRqkeEh2Uki5vbWCuDjliQIs,69242.59,2026-08-04T11:28:14Z,Adzuna::API::Response::Job,-89.649874,HISTORICAL DOCUMENTS CONSERVATOR,https://www.adzuna.com/details/5827934753?utm_medium=api&utm_source=abfa41a4,"Job Requisition ID: 57926 Opening Date: 08/03/2026 Closing Date: 08/17/2026 Agency: Abraham Lincoln Presidential Library and Museum Class Title: HISTORICAL DOCUMENTS CONSERVATOR - 18984 Skill Option: None Bilingual Option: None Salary: Anticipated Starting Salary $4,922monthly; Full Range $4,922 - $6,762 monthly Job Type: Salaried Category: Full Time County: Sangamon Number of Vacancies: 1 Bargaining Unit Code: RC062 Technical Employees, AFSCME Merit Comp Code: This position is a union position…",5827934753,69242.59,1,Admin Jobs,Adzuna::API::Response::Category,admin-jobs,Adzuna::API::Response::Company,State of Illinois,"Springfield, Sangamon County","['US', 'Illinois', 'Sangamon County', 'Springfield']",Adzuna::API::Response::Location
,eyJhbGciOiJIUzI1NiJ9.eyJpIjoiNTgyNzkzNDc1MSIsInMiOiJDcE82WUJtUThSRzVKclludElCcGFRIn0.RssNH_z-utfV-QUuw2-nD3ID2X4YZ4vplLGIHG-zLok,29658.85,2026-08-04T11:28:14Z,Adzuna::API::Response::Job,,Seasonal Grain Operator,https://www.adzuna.com/details/5827934751?utm_medium=api&utm_source=abfa41a4,"Perdue AgriBusiness is an international agricultural products and services company that handles agricultural commodities and a diverse portfolio of products and businesses. It is part of Perdue Farms, a fourth-generation, family-owned food and agricultural business deeply rooted in tradition yet with a forward-thinking mindset. We believe that success starts with our people, and our culture is built on a foundation of teamwork, integrity, and respect, where every voice matters and everyone is e…",5827934751,29658.85,1,"Energy, Oil & Gas Jobs",Adzuna::API::Response::Category,energy-oil-gas-jobs,Adzuna::API::Response::Company,Perdue Farms,US,['US'],Adzuna::API::Response::Location
,eyJhbGciOiJIUzI1NiJ9.eyJpIjoiNTgyNzkzNDUzMyIsInMiOiJDcE82WUJtUThSRzVKclludElCcGFRIn0.-WNjhW-AI26fxIIZf_l_ubu5JRNsHnHXWvTeaK_fJwE,61690.68,2026-08-04T11:28:13Z,Adzuna::API::Response::Job,,Associate Professional Quality,https://www.adzuna.com/details/5827934533?utm_medium=api&utm_source=abfa41a4,"Great companies need great teams to propel their operations. Join the group that solves business challenges and enhances the way we work and grow. Working at Gainwell carries its rewards. You’ll have an incredible opportunity to grow your career in a company that values your contributions and puts a premium on work flexibility, learning, and career development. Summary As a Associate Professional Quality at Gainwell, you will be responsible for monitoring and evaluating voice and non-voice inte…",5827934533,61690.68,1,Consultancy Jobs,Adzuna::API::Response::Category,consultancy-jobs,Adzuna::API::Response::Company,Gainwell Technologies LLC,US,['US'],Adzuna::API::Response::Location
,eyJhbGciOiJIUzI1NiJ9.eyJzIjoiQ3BPNllCbVE4Ukc1SnJZbnRJQnBhUSIsImkiOiI1ODI3OTM0NDE1In0.jY8LcXXBt0b3VqgT9N3vjagLZrwkKz0QpYNUl3guM_4,50715.52,2026-08-04T11:28:13Z,Adzuna::API::Response::Job,,Batch Developer (UNIX/LINUX/C/SQL),https://www.adzuna.com/details/5827934415?utm_medium=api&utm_source=abfa41a4,"Be part of a team that unleashes the power of leading-edge technologies to help improve the health and well-being of those most vulnerable in our country and communities. Working at Gainwell carries its rewards. You’ll have an incredible opportunity to grow your career in a company that values work flexibility, learning, and career development. You’ll add to your technical credentials and certifications while enjoying a generous, flexible vacation policy and educational assistance. We also have…",5827934415,50715.52,1,IT Jobs,Adzuna::API::Response::Category,it-jobs,Adzuna::API::Response::Company,Gainwell Technologies LLC,US,['US'],Adzuna::API::Response::Location
47.87222,eyJhbGciOiJIUzI1NiJ9.eyJzIjoiQ3BPNllCbVE4Ukc1SnJZbnRJQnBhUSIsImkiOiI1ODI3OTM0NTQ1In0.V_AdAJJ6kK-s1CQ8lmBABnhP467PqjSC6sAFaajoyAc,35306.04,2026-08-04T11:28:13Z,Adzuna::API::Response::Job,-97.12256,Sanitation Technician (Crew A) Grand Forks,https://www.adzuna.com/details/5827934545?utm_medium=api&utm_source=abfa41a4,"The Simplot Company is a diverse, privately held global food and agriculture company headquartered in Boise, Idaho. We are a true farm-to-table company with an integrated portfolio including food processing and food brands, phosphate mining, fertilizer manufacturing, farming, ranching and cattle production, and other enterprises related to agriculture. Summary This job is responsible for keeping food surfaces and processing equipment and assigned work area in a food quality sanitary condition. …",5827934545,35306.04,1,Manufacturing Jobs,Adzuna::API::Response::Category,manufacturing-jobs,Adzuna::API::Response::Company,Simplot,"Grand Forks, Grand Forks County","['US', 'North Dakota', 'Grand Forks County', 'Grand Forks']",Adzuna::API::Response::Location
47.87222,eyJhbGciOiJIUzI1NiJ9.eyJpIjoiNTgyNzkzNDU1NSIsInMiOiJDcE82WUJtUThSRzVKclludElCcGFRIn0.cSAEaQQSeUAYAKYA21w5wpKeJS_g0gLXyRc0Y0HUiqs,47756.59,2026-08-04T11:28:13Z,Adzuna::API::Response::Job,-97.12256,Forklift Line Service (Crew C) Grand Forks,https://www.adzuna.com/details/5827934555?utm_medium=api&utm_source=abfa41a4,"The Simplot Company is a diverse, privately held global food and agriculture company headquartered in Boise, Idaho. We are a true farm-to-table company with an integrated portfolio including food processing and food brands, phosphate mining, fertilizer manufacturing, farming, ranching and cattle production, and other enterprises related to agriculture. Summary This job is responsible for operating material handling equipment in a safe manner for the purpose of moving, locating, stacking and cou…",5827934555,47756.59,1,Engineering Jobs,Adzuna::API::Response::Category,engineering-jobs,Adzuna::API::Response::Company,Simplot,"Grand Forks, Grand Forks County","['US', 'North Dakota', 'Grand Forks County', 'Grand Forks']",Adzuna::API::Response::Location
,eyJhbGciOiJIUzI1NiJ9.eyJzIjoiQ3BPNllCbVE4Ukc1SnJZbnRJQnBhUSIsImkiOiI1ODI3OTM0NTI3In0.py8I5C1zeEEcuZwoVXyyEfB50iAO_pcxEKSfqqNtH_4,43344.59,2026-08-04T11:28:13Z,Adzuna::API::Response::Job,,"Appeals Processor- Anchorage, AK (Hybrid)",https://www.adzuna.com/details/5827934527?utm_medium=api&utm_source=abfa41a4,"Great companies need great teams to propel their operations. Join the group that solves business challenges and enhances the way we work and grow. Working at Gainwell carries its rewards. You’ll have an incredible opportunity to grow your career in a company that values your contributions and puts a premium on work flexibility, learning, and career development. Summary As Appeals Processor- Anchorage, AK (Hybrid) , you can contribute your skills as we harness the power of technology to help our…",5827934527,43344.59,1,Scientific & QA Jobs,Adzuna::API::Response::Category,scientific-qa-jobs,Adzuna::API::Response::Company,Gainwell Technologies LLC,US,['US'],Adzuna::API::Response::Location
,eyJhbGciOiJIUzI1NiJ9.eyJpIjoiNTgyNzkzNDU3MyIsInMiOiJDcE82WUJtUThSRzVKclludElCcGFRIn0.nuzFaHd3XoRdx484_gw0yObuEQFVPa-6QKsRzFI8qls,67942.38,2026-08-04T11:28:13Z,Adzuna::API::Response::Job,,Proposal Operations Specialist,https://www.adzuna.com/details/5827934573?utm_medium=api&utm_source=abfa41a4,"Great companies need great teams to propel their operations. Join the group that solves business challenges and enhances the way we work and grow. Working at Gainwell carries its rewards. You’ll have an incredible opportunity to grow your career in a company that values your contributions and puts a premium on work flexibility, learning, and career development. Summary The Proposal Operations Specialist is primarily responsible for managing proposal production and operational processes while pr…",5827934573,67942.38,1,"Energy, Oil & Gas Jobs",Adzuna::API::Response::Category,energy-oil-gas-jobs,Adzuna::API::Response::Company,Gainwell Technologies LLC,US,['US'],Adzuna::API::Response::Location
30.448378,eyJhbGciOiJIUzI1NiJ9.eyJpIjoiNTgyNzkzNDU4NyIsInMiOiJDcE82WUJtUThSRzVKclludElCcGFRIn0.KSFm_k3ZflKZsFUzUblBrqXPWADJ0xduiN8f3Na-LKQ,52407.56,2026-08-04T11:28:13Z,Adzuna::API::Response::Job,-91.188708,"Provider Enrollment Analyst - Baton Rouge, LA",https://www.adzuna.com/details/5827934587?utm_medium=api&utm_source=abfa41a4,"Great companies need great teams to propel their operations. Join the group that solves business challenges and enhances the way we work and grow. Working at Gainwell carries its rewards. You’ll have an incredible opportunity to grow your career in a company that values your contributions and puts a premium on work flexibility, learning, and career development. Summary As a Provider Enrollment Analyst , you can contribute your skills as we harness the power of technology to help our clients imp…",5827934587,52407.56,1,Scientific & QA Jobs,Adzuna::API::Response::Category,scientific-qa-jobs,Adzuna::API::Response::Company,Gainwell Technologies LLC,"Baton Rouge, East Baton Rouge Parish","['US', 'Louisiana', 'East Baton Rouge Parish', 'Baton Rouge']",Adzuna::API::Response::Location
,eyJhbGciOiJIUzI1NiJ9.eyJpIjoiNTgyNzkzNDM5MyIsInMiOiJDcE82WUJtUThSRzVKclludElCcGFRIn0.7bACuzDPMwFZe8FjBttck3DA-IilbZ6qJAAZjQJAQoE,105480.49,2026-08-04T11:28:13Z,Adzuna::API::Response::Job,,Experienced Programmer Analyst,https://www.adzuna.com/details/5827934393?utm_medium=api&utm_source=abfa41a4,"Be part of a team that unleashes the power of leading-edge technologies to help improve the health and well-being of those most vulnerable in our country and communities. Working at Gainwell carries its rewards. You’ll have an incredible opportunity to grow your career in a company that values work flexibility, learning, and career development. You’ll add to your technical credentials and certifications while enjoying a generous, flexible vacation policy and educational assistance. We also have…",5827934393,105480.49,1,Engineering Jobs,Adzuna::API::Response::Category,engineering-jobs,Adzuna::API::Response::Company,Gainwell Technologies LLC,US,['US'],Adzuna::API::Response::Location
,eyJhbGciOiJIUzI1NiJ9.eyJzIjoiQ3BPNllCbVE4Ukc1SnJZbnRJQnBhUSIsImkiOiI1ODI3OTM0NDE0In0.3z3b3EZsBtzS-XaVI2MHW1glesRDRKz4B9zrltxzRd8,71207.28,2026-08-04T11:28:13Z,Adzuna::API::Response::Job,,Cloud Application Support,https://www.adzuna.com/details/5827934414?utm_medium=api&utm_source=abfa41a4,"Be part of a team that unleashes the power of leading-edge technologies to help improve the health and well-being of those most vulnerable in our country and communities. Working at Gainwell carries its rewards. You’ll have an incredible opportunity to grow your career in a company that values work flexibility, learning, and career development. You’ll add to your technical credentials and certifications while enjoying a generous, flexible vacation policy and educational assistance. We also have…",5827934414,71207.28,1,IT Jobs,Adzuna::API::Response::Category,it-jobs,Adzuna::API::Response::Company,Gainwell Technologies LLC,US,['US'],Adzuna::API::Response::Location
,eyJhbGciOiJIUzI1NiJ9.eyJzIjoiQ3BPNllCbVE4Ukc1SnJZbnRJQnBhUSIsImkiOiI1ODI3OTM0NTI2In0.B5eKXBwICEsgIwkRZC3rcmK48T5JhqJ7fgoVKPOkbWw,72081.01,2026-08-04T11:28:13Z,Adzuna::API::Response::Job,,Senior C/Unix Batch Developer (Healthcare Claims),https://www.adzuna.com/details/5827934526?utm_medium=api&utm_source=abfa41a4,"Be part of a team that unleashes the power of leading-edge technologies to help improve the health and well-being of those most vulnerable in our country and communities. Working at Gainwell carries its rewards. You’ll have an incredible opportunity to grow your career in a company that values work flexibility, learning, and career development. You’ll add to your technical credentials and certifications while enjoying a generous, flexible vacation policy and educational assistance. We also have…",5827934526,72081.01,1,IT Jobs,Adzuna::API::Response::Category,it-jobs,Adzuna::API::Response::Company,Gainwell Technologies LLC,US,['US'],Adzuna::API::Response::Location
,eyJhbGciOiJIUzI1NiJ9.eyJzIjoiQ3BPNllCbVE4Ukc1SnJZbnRJQnBhUSIsImkiOiI1ODI3OTM0NTY0In0.BrJ7Psl1pBDnA2_7tkaYPPiVgpZKm4VH_-AAdc8lyJ0,91389.5,2026-08-04T11:28:13Z,Adzuna::API::Response::Job,,Manager Mainframe Production Control & DBA,https://www.adzuna.com/details/5827934564?utm_medium=api&utm_source=abfa41a4,"Great companies need great teams to propel their operations. Join the group that solves business challenges and enhances the way we work and grow. Working at Gainwell carries its rewards. You’ll have an incredible opportunity to grow your career in a company that values your contributions and puts a premium on work flexibility, learning, and career development. Summary The ​Manager Mainframe Production Control & DBA at Gainwell, l eads production control and database administration operations s…",5827934564,91389.5,1,Engineering Jobs,Adzuna::API::Response::Category,engineering-jobs,Adzuna::API::Response::Company,Gainwell Technologies LLC,US,['US'],Adzuna::API::Response::Location
,eyJhbGciOiJIUzI1NiJ9.eyJzIjoiQ3BPNllCbVE4Ukc1SnJZbnRJQnBhUSIsImkiOiI1ODI3OTM0NTgzIn0.bwxnkD26wEMPYTJnOjoO6a9Wmz7pCAdPcxX6Mb7mIpY,50527.87,2026-08-04T11:28:13Z,Adzuna::API::Response::Job,,DRG Quality Advisor Nurse- Remote,https://www.adzuna.com/details/5827934583?utm_medium=api&utm_source=abfa41a4,"It takes great medical minds to create powerful solutions that solve some of healthcare’s most complex challenges. Join us and put your expertise to work in ways you never imagined possible. We know you’ve honed your career in a fast-moving medical environment. While Gainwell operates with a sense of urgency, you’ll have the opportunity to work more flexible hours. And working at Gainwell carries its rewards. You’ll have an incredible opportunity to grow your career in a company that values wor…",5827934583,50527.87,1,Scientific & QA Jobs,Adzuna::API::Response::Category,scientific-qa-jobs,Adzuna::API::Response::Company,Gainwell Technologies LLC,US,['US'],Adzuna::API::Response::Location
,eyJhbGciOiJIUzI1NiJ9.eyJpIjoiNTgyNzkzNDQ1OCIsInMiOiJDcE82WUJtUThSRzVKclludElCcGFRIn0.hUy87Jn2ne-nlkVTUzQbyS0YOypfpBmlzs07heUYqjQ,127586.74,2026-08-04T11:28:13Z,Adzuna::API::Response::Job,,Dental Services and Clinical Policy Manager (Remote in California),https://www.adzuna.com/details/5827934458?utm_medium=api&utm_source=abfa41a4,"Great companies need great teams to propel their operations. Join the group that solves business challenges and enhances the way we work and grow. Working at Gainwell carries its rewards. You’ll have an incredible opportunity to grow your career in a company that values your contributions and puts a premium on work flexibility, learning, and career development. Summary The Dental Services and Clinical Policy Manager is responsible for defining, managing, analyzing and improving dental consultan…",5827934458,127586.74,1,Healthcare & Nursing Jobs,Adzuna::API::Response::Category,healthcare-nursing-jobs,Adzuna::API::Response::Company,Gainwell Technologies LLC,US,['US'],Adzuna::API::Response::Location
,eyJhbGciOiJIUzI1NiJ9.eyJzIjoiQ3BPNllCbVE4Ukc1SnJZbnRJQnBhUSIsImkiOiI1ODI3OTM0NTU0In0.skZ55xO4BsDbG1ZaDyhg3YgUTgBfeHAGvA60VCY4Ups,71289.84,2026-08-04T11:28:13Z,Adzuna::API::Response::Job,,Pharmacy Test Manager,https://www.adzuna.com/details/5827934554?utm_medium=api&utm_source=abfa41a4,"Great companies need great teams to propel their operations. Join the group that solves business challenges and enhances the way we work and grow. Working at Gainwell carries its rewards. You’ll have an incredible opportunity to grow your career in a company that values your contributions and puts a premium on work flexibility, learning, and career development. Summary As a Pharmacy Test Manager at Gainwell, you can contribute your skills as we harness the power of technology to help our client…",5827934554,71289.84,1,IT Jobs,Adzuna::API::Response::Category,it-jobs,Adzuna::API::Response::Company,Gainwell Technologies LLC,US,['US'],Adzuna::API::Response::Location
,eyJhbGciOiJIUzI1NiJ9.eyJpIjoiNTgyNzkzNDU4NiIsInMiOiJDcE82WUJtUThSRzVKclludElCcGFRIn0.OrZn9G3mQK-iL29jGv2zhZDscDUWahKFYopgc4ppHS4,64996.67,2026-08-04T11:28:13Z,Adzuna::API::Response::Job,,Customer Experience (CX) Mobilization - PM/BA,https://www.adzuna.com/details/5827934586?utm_medium=api&utm_source=abfa41a4,"Great companies need great teams to propel their operations. Join the group that solves business challenges and enhances the way we work and grow. Working at Gainwell carries its rewards. You’ll have an incredible opportunity to grow your career in a company that values your contributions and puts a premium on work flexibility, learning, and career development. Summary As a Customer Experience (CX) Mobilization - PM/BA at Gainwell, you can contribute your skills as we harness the power of techn…",5827934586,64996.67,1,Consultancy Jobs,Adzuna::API::Response::Category,consultancy-jobs,Adzuna::API::Response::Company,Gainwell Technologies LLC,US,['US'],Adzuna::API::Response::Location
,eyJhbGciOiJIUzI1NiJ9.eyJzIjoiQ3BPNllCbVE4Ukc1SnJZbnRJQnBhUSIsImkiOiI1ODI3OTM0Mzk2In0.OBalczi13WlLyLocR-4HJhn0H4FCUWwzHN3RfhKADt8,92804.07,2026-08-04T11:28:13Z,Adzuna::API::Response::Job,,PMO Lead,https://www.adzuna.com/details/5827934396?utm_medium=api&utm_source=abfa41a4,"Be part of a team that unleashes the power of leading-edge technologies to help improve the health and well-being of those most vulnerable in our country and communities. Working at Gainwell carries its rewards. You’ll have an incredible opportunity to grow your career in a company that values work flexibility, learning, and career development. You’ll add to your technical credentials and certifications while enjoying a generous, flexible vacation policy and educational assistance. We also have…",5827934396,92804.07,1,Engineering Jobs,Adzuna::API::Response::Category,engineering-jobs,Adzuna::API::Response::Company,Gainwell Technologies LLC,US,['US'],Adzuna::API::Response::Location
